1,,,,
2,Movie 1,Comedy,2010,R
3,Movie 2,Drama,2008,PG
4,Movie 3: Part II,Sci-Fi,2005,G
5,Movie 4: The Return,Horror,2000,NC-17
6,Movie 5: Redemption,Documentary,2003,PG-13
7,Movie 6: Part II,Action,1991,R
8,Movie 7,Comedy,2003,PG
9,Movie 8: The Return,Drama,1996,G
10,Movie 9: Part II,Sci-Fi,2007,NC-17
11,Movie 10: Redemption,Horror,2004,PG-13
12,Movie 11,Documentary,2016,R
13,Movie 12: The Return,Action,2012,PG
14,Movie 13,Comedy,1993,G
15,Movie 14,Drama,2014,NC-17
16,Movie 15: Part II,Sci-Fi,2023,PG-13
17,Movie 16: The Return,Horror,2021,R
18,Movie 17,Documentary,1995,PG
19,Movie 18: Part II,Action,1993,G
20,Movie 19,Comedy,2020,NC-17
21,Movie 20: The Return,Drama,2008,PG-13
22,Movie 21: Part II,Sci-Fi,2017,R
23,Movie 22,Horror,2016,PG
24,Movie 23,Documentary,2006,G
25,Movie 24: The Return,Action,2021,NC-17
26,Movie 25: Redemption,Comedy,2017,PG-13
27,Movie 26,Drama,1994,R
28,Movie 27: Part II,Sci-Fi,2011,PG
29,Movie 28: The Return,Horror,2022,G
30,Movie 29,Documentary,2016,NC-17
31,Movie 30: Part II,Action,2007,PG-13
32,Movie 31,Comedy,2016,R
33,Movie 32: The Return,Drama,2020,PG
34,Movie 33: Part II,Sci-Fi,1997,G
35,Movie 34,Horror,1990,NC-17
36,Movie 35: Redemption,Documentary,1990,PG-13
37,Movie 36: The Return,Action,1995,R
38,Movie 37,Comedy,2017,PG
39,Movie 38,Drama,1993,G
40,Movie 39: Part II,Sci-Fi,2003,NC-17
41,Movie 40: The Return,Horror,2024,PG-13
42,Movie 41,Documentary,2015,R
43,Movie 42: Part II,Action,2009,PG
44,Movie 43,Comedy,2011,G
45,Movie 44: The Return,Drama,2017,NC-17
46,Movie 45: Part II,Sci-Fi,1992,PG-13
47,Movie 46,Horror,2006,R
48,Movie 47,Documentary,2002,PG
49,Movie 48: The Return,Action,1993,G
50,Movie 49,Comedy,2005,NC-17
51,Movie 50: Redemption,Drama,1990,PG-13
52,Movie 51: Part II,Sci-Fi,1991,R
53,Movie 52: The Return,Horror,2013,PG
54,Movie 53,Documentary,2003,G
55,Movie 54: Part II,Action,2016,NC-17
56,Movie 55: Redemption,Comedy,2008,PG-13
57,Movie 56: The Return,Drama,2022,R
58,Movie 57: Part II,Sci-Fi,2011,PG
59,Movie 58,Horror,1994,G
60,Movie 59,Documentary,2008,NC-17
61,Movie 60: The Return,Action,2005,PG-13
62,Movie 61,Comedy,2021,R
63,Movie 62,Drama,1995,PG
64,Movie 63: Part II,Sci-Fi,1996,G
65,Movie 64: The Return,Horror,1997,NC-17
66,Movie 65: Redemption,Documentary,2012,PG-13
67,Movie 66: Part II,Action,1994,R
68,Movie 67,Comedy,1991,PG
69,Movie 68: The Return,Drama,2023,G
70,Movie 69: Part II,Sci-Fi,2016,NC-17
71,Movie 70: Redemption,Horror,2009,PG-13
72,Movie 71,Documentary,2020,R
73,Movie 72: The Return,Action,2004,PG
74,Movie 73,Comedy,2006,G
75,Movie 74,Drama,1998,NC-17
76,Movie 75: Part II,Sci-Fi,2010,PG-13
77,Movie 76: The Return,Horror,2008,R
78,Movie 77,Documentary,1993,PG
79,Movie 78: Part II,Action,2017,G
80,Movie 79,Comedy,2012,NC-17
81,Movie 80: The Return,Drama,1991,PG-13
82,Movie 81: Part II,Sci-Fi,2022,R
83,Movie 82,Horror,1993,PG
84,Movie 83,Documentary,1995,G
85,Movie 84: The Return,Action,2002,NC-17
86,Movie 85: Redemption,Comedy,1992,PG-13
87,Movie 86,Drama,2017,R
88,Movie 87: Part II,Sci-Fi,1990,PG
89,Movie 88: The Return,Horror,1998,G
90,Movie 89,Documentary,2019,NC-17
91,Movie 90: Part II,Action,1994,PG-13
92,Movie 91,Comedy,2005,R
93,Movie 92: The Return,Drama,2002,PG
94,Movie 93: Part II,Sci-Fi,2024,G
95,Movie 94,Horror,2018,NC-17
96,Movie 95: Redemption,Documentary,2012,PG-13
97,Movie 96: The Return,Action,2022,R
98,Movie 97,Comedy,1997,PG
99,Movie 98,Drama,1999,G
100,Movie 99: Part II,Sci-Fi,2014,NC-17
,Movie 100: The Return,Horror,2011,PG-13